id,name,unit,region_name,indicator_topic,indicator_source,indicator_name,indicator_group,url,2000,2001,2002,2003,2004,2005,2006,2007,2008,2009,2010,2011,2012,2013,2014,2015,2016,2017,2018,2019,2020,2021,2022
AO,Angola,Current US$,Southern Africa,National Account,AfDB Data portal,GDP (current US$),Social and Economic,/aep/country/angola,9146631168.0,11531897856.0,15285599232.0,17812705280.0,23552063488.0,36970901504.0,52381024256.0,65266417664.0,88538669056.0,70307192832.0,83799482368.0,111789744128.0,128364814336.0,136709890048.0,145712168960.0,116193648640.0,101123751936.0,122123862016.0,101353209856.0,84515536896.0,58375979008.0,74558267392.0,94181269504.0
AO,Angola,Millions of people,Southern Africa,Population,AfDB Data portal,Rural population (millions of people),Social and Economic,/aep/country/angola,8.20610046386719,8.27524757385254,8.35385131835938,8.43812847137451,8.52222061157227,8.60311794281006,8.76070022583008,8.91891098022461,9.0775146484375,9.23754501342773,9.39827728271484,9.55961418151855,9.72016906738281,9.87894344329834,10.0331087112427,10.1835603713989,10.3298597335815,10.4725542068481,10.6126670837402,10.7516260147095,10.8904476165771,11.0293264389038,11.168041229248
AO,Angola,Millions of people,Southern Africa,Population,AfDB Data portal,Urban population (millions of people),Social and Economic,/aep/country/angola,8.23482418060303,8.70801830291748,9.21879768371582,9.76524066925049,10.3434953689575,10.949423789978,11.5016994476318,12.0787763595581,12.6819047927856,13.3120021820068,13.970853805542,14.6589508056641,15.3759813308716,16.1193962097168,16.887357711792,17.675745010376,18.4836025238037,19.3116397857666,20.1615371704102,21.0359401702881,21.9369525909424,22.8651580810547,23.8202610015869
BF,Burkina Faso,Current US$,West Africa,National Account,AfDB Data portal,GDP (current US$),Social and Economic,/aep/country/burkina-faso,2632700160.0,2812845568.0,3205649664.0,4205606912.0,4838488576.0,5462699520.0,5816327168.0,6771176448.0,8369709568.0,8369154560.0,8980025344.0,10724061184.0,13096217600.0,14140817408.0,14465082368.0,11833357312.0,12829821952.0,14101977088.0,16067194880.0,15991481344.0,17512349696.0,21152665600.0,22855335936.0
BF,Burkina Faso,Millions of people,West Africa,Population,AfDB Data portal,Rural population (millions of people),Social and Economic,/aep/country/burkina-faso,9.53667545318604,9.73010540008545,9.92575359344482,10.1241540908813,10.3257646560669,10.5312023162842,10.7398099899292,10.9745788574219,11.2326440811157,11.4953012466431,11.7611923217773,12.029972076416,12.3012275695801,12.5747098922729,12.8493709564209,13.1247692108154,13.4005212783813,13.6766519546509,13.952880859375,14.229172706604,14.5054340362549,14.7813758850098,15.0567073822021
BF,Burkina Faso,Millions of people,West Africa,Population,AfDB Data portal,Urban population (millions of people),Social and Economic,/aep/country/burkina-faso,2.07126688957214,2.2144820690155,2.3673460483551,2.53046703338623,2.70480394363403,2.89072799682617,3.0893669128418,3.27744197845459,3.45708203315735,3.64579796791077,3.8440248966217,4.05193185806274,4.26998805999756,4.49801301956177,4.73660612106323,4.98585510253906,5.24591207504272,5.51672983169556,5.7987699508667,6.09238719940186,6.39791107177734,6.71558523178101,7.04563522338867
BI,Burundi,Current US$,East Africa,National Account,AfDB Data portal,GDP (current US$),Social and Economic,/aep/country/burundi,709114624.0,662345984.0,628077184.0,595002944.0,664500160.0,1117113088.0,1273375104.0,1356199424.0,1611835904.0,1781455104.0,2032135168.0,2235820800.0,2327374592.0,2455668480.0,2705853952.0,3104425728.0,2959670272.0,3171708160.0,3036619008.0,3012481536.0,3039798528.0,3571282432.0,3818208256.0
BI,Burundi,Millions of people,East Africa,Population,AfDB Data portal,Rural population (millions of people),Social and Economic,/aep/country/burundi,5.872887134552,6.00111293792725,6.15626907348633,6.33375120162964,6.52604484558105,6.72734880447388,6.93720388412476,7.15638399124146,7.3813648223877,7.60818815231323,7.83395910263062,8.0564432144165,8.27641582489014,8.49792671203613,8.72690868377686,8.96735858917236,9.22035598754883,9.48382663726807,9.75474643707275,10.0287666320801,10.302640914917,10.5755567550659,10.8480758666992
BI,Burundi,Millions of people,East Africa,Population,AfDB Data portal,Urban population (millions of people),Social and Economic,/aep/country/burundi,0.527818977832794,0.554715991020203,0.585300028324127,0.619361996650696,0.656405985355377,0.695940017700195,0.738134026527405,0.783188998699188,0.830899000167847,0.880842983722687,0.932971000671387,0.987065017223358,1.04329395294189,1.10225903987885,1.16488099098206,1.23191094398499,1.30376100540161,1.38041794300079,1.46170401573181,1.54719698429108,1.63658595085144,1.72990000247955,1.82739400863647
BJ,Benin,Current US$,West Africa,National Account,AfDB Data portal,GDP (current US$),Social and Economic,/aep/country/benin,2570169856.0,2680331264.0,3054571008.0,3905366016.0,4521424896.0,4803702272.0,5142380544.0,5969535488.0,7132788224.0,7097199104.0,6970240512.0,10679326720.0,11148413952.0,12518028288.0,13208261632.0,11389305856.0,11817803776.0,12697174016.0,14257448960.0,14392297472.0,15674184704.0,18850920448.0,20870594560.0
BJ,Benin,Millions of people,West Africa,Population,AfDB Data portal,Rural population (millions of people),Social and Economic,/aep/country/benin,4.23405313491821,4.34157085418701,4.44757890701294,4.5472297668457,4.64697504043579,4.74600219726563,4.84391212463379,4.94116878509521,5.03823804855347,5.13606119155884,5.23498678207397,5.3351001739502,5.43612289428711,5.53822422027588,5.64064502716064,5.74331903457642,5.84617710113525,5.94904613494873,6.05154609680176,6.15321111679077,6.25368213653564,6.35273790359497,6.45029497146606
BJ,Benin,Millions of people,West Africa,Population,AfDB Data portal,Urban population (millions of people),Social and Economic,/aep/country/benin,2.63189792633057,2.73516201972961,2.84781503677368,2.97332501411438,3.10302901268005,3.23622298240662,3.37298393249512,3.51362204551697,3.65867805480957,3.80864500999451,3.96427202224731,4.12570190429688,4.29303693771362,4.46622705459595,4.64606714248657,4.83263301849365,5.02612113952637,5.22664594650269,5.43412780761719,5.64838409423828,5.86930322647095,6.09687519073486,6.33121585845947
BW,Botswana,Current US$,Southern Africa,National Account,AfDB Data portal,GDP (current US$),Social and Economic,/aep/country/botswana,5787825664.0,5489387008.0,5438854144.0,7511924224.0,8955710464.0,9918822400.0,10137861120.0,10938004480.0,10945139712.0,10267070464.0,12786652160.0,15351906304.0,16110283776.0,14914988032.0,15662876672.0,13601822720.0,15093903360.0,16067877888.0,16914461696.0,16591972352.0,15063606272.0,18822352896.0,19952310272.0
BW,Botswana,Millions of people,Southern Africa,Population,AfDB Data portal,Rural population (millions of people),Social and Economic,/aep/country/botswana,0.808537006378174,0.806191027164459,0.808627009391785,0.811426997184753,0.81427800655365,0.817614018917084,0.821528017520905,0.805426001548767,0.789367973804474,0.773397982120514,0.757339000701904,0.741250991821289,0.736104011535645,0.732802987098694,0.729331970214844,0.725610017776489,0.721580028533936,0.717289984226227,0.712875008583069,0.708307027816772,0.703553974628448,0.698606014251709,0.693476021289825
BW,Botswana,Millions of people,Southern Africa,Population,AfDB Data portal,Urban population (millions of people),Social and Economic,/aep/country/botswana,0.919803023338318,0.948743999004364,0.971325993537903,0.992911994457245,1.01505196094513,1.03823804855347,1.06271004676819,1.10898804664612,1.15698301792145,1.20648396015167,1.25752699375153,1.31008803844452,1.3532110452652,1.3957040309906,1.43924105167389,1.48358702659607,1.52867996692657,1.57437098026276,1.62032604217529,1.66632902622223,1.71221196651459,1.75785005092621,1.80317902565002
CD,Congo Democratic Republic,Current US$,Central Africa,National Account,AfDB Data portal,GDP (current US$),Social and Economic,/aep/country/congo-democratic-republic,21584685056.0,10799729664.0,8733150208.0,8949796864.0,10297481216.0,11964484608.0,14451901440.0,16737069056.0,19788515328.0,18648373248.0,21565720576.0,25819916288.0,29318508544.0,32695367680.0,35911208960.0,37914656768.0,36639629312.0,37980577792.0,47146278912.0,50398830592.0,48706523136.0,53573619712.0,59014008832.0
CD,Congo Democratic Republic,Millions of people,Central Africa,Population,AfDB Data portal,Rural population (millions of people),Social and Economic,/aep/country/congo-democratic-republic,30.5421524047852,31.1722812652588,31.8674297332764,32.6193504333496,33.4115562438965,34.2299919128418,35.0729103088379,35.9445343017578,36.8422813415527,37.7634658813477,38.7053604125977,39.6654472351074,40.641056060791,41.6291236877441,42.6264724731445,43.6301116943359,44.6379127502441,45.6476058959961,46.6560516357422,47.6599655151367,48.6567535400391,49.6443138122559,50.6217575073242
CD,Congo Democratic Republic,Millions of people,Central Africa,Population,AfDB Data portal,Urban population (millions of people),Social and Economic,/aep/country/congo-democratic-republic,16.5342330932617,17.2220573425293,17.9683265686035,18.7706832885742,19.6226596832275,20.5214824676514,21.470100402832,22.4730281829834,23.5313262939453,24.6459712982178,25.8179016113281,27.0481510162354,28.3376274108887,29.6869087219238,31.0963878631592,32.5665092468262,34.0982398986816,35.6923828125,37.3489379882813,39.0676078796387,40.848445892334,42.6917304992676,44.5986213684082
CF,Central African Republic,Current US$,Central Africa,National Account,AfDB Data portal,GDP (current US$),Social and Economic,/aep/country/central-african-republic,960651328.0,932485184.0,995053440.0,1136210304.0,1269622016.0,1348023168.0,1460562048.0,1697565824.0,1985371904.0,2059094144.0,2140503040.0,2434792448.0,2511716096.0,1691570816.0,1895299712.0,1695995776.0,1824516224.0,2071618688.0,2278667264.0,2462253056.0,2527083776.0,2650575104.0,2805306112.0
CF,Central African Republic,Millions of people,Central Africa,Population,AfDB Data portal,Rural population (millions of people),Social and Economic,/aep/country/central-african-republic,2.34165906906128,2.38668298721313,2.43044996261597,2.47324800491333,2.51549410820007,2.5564489364624,2.59696006774902,2.63649892807007,2.67215490341187,2.70004796981812,2.71787309646606,2.72440004348755,2.72172403335571,2.71496510505676,2.71107697486877,2.71504592895508,2.72839307785034,2.74979710578918,2.77783608436584,2.81000304222107,2.84435510635376,2.88068199157715,2.9192099571228
CF,Central African Republic,Millions of people,Central Africa,Population,AfDB Data portal,Urban population (millions of people),Social and Economic,/aep/country/central-african-republic,1.41332697868347,1.44552004337311,1.47716200351715,1.50841701030731,1.53954195976257,1.57146096229553,1.6047979593277,1.63930094242096,1.67323100566864,1.70418202877045,1.73065197467804,1.75175297260284,1.76869201660156,1.78468799591064,1.80431497097015,1.83105397224426,1.86622798442841,1.90928304195404,1.95958697795868,2.01570796966553,2.07653403282166,2.14217090606689,2.21305990219116
CG,Congo Republic,Current US$,Central Africa,National Account,AfDB Data portal,GDP (current US$),Social and Economic,/aep/country/congo-republic,3224049664.0,2796221440.0,3034618112.0,3675675136.0,4648628736.0,6076574208.0,7731260928.0,7435463680.0,10176051200.0,9338968064.0,12281046016.0,14765746176.0,17704116224.0,17959002112.0,17917599744.0,11891463168.0,10341842944.0,11231513600.0,12482307072.0,12103615488.0,9399951360.0,11226485760.0,12821777408.0
CG,Congo Republic,Millions of people,Central Africa,Population,AfDB Data portal,Rural population (millions of people),Social and Economic,/aep/country/congo-republic,1.33238697052002,1.35429298877716,1.37592399120331,1.39835596084595,1.42294502258301,1.45056295394897,1.48156797885895,1.51524496078491,1.54962396621704,1.58237099647522,1.61186599731445,1.63758504390717,1.66018295288086,1.68072998523712,1.70076501369476,1.72136199474335,1.7427339553833,1.76452195644379,1.78649497032166,1.8082640171051,1.82956397533417,1.85039103031158,1.8708770275116
CG,Congo Republic,Millions of people,Central Africa,Population,AfDB Data portal,Urban population (millions of people),Social and Economic,/aep/country/congo-republic,1.89333999156952,1.96151304244995,2.03125596046448,2.10416293144226,2.1824939250946,2.26767992973328,2.36079692840576,2.46100091934204,2.56581091880798,2.67134094238281,2.774827003479,2.87514495849609,2.97318005561829,3.07066297531128,3.1703360080719,3.27428603172302,3.38308691978455,3.49622797966003,3.61339998245239,3.73393297195435,3.85735297203064,3.98369789123535,4.11331176757813
CI,Cote d'Ivoire,Current US$,West Africa,National Account,AfDB Data portal,GDP (current US$),Social and Economic,/aep/country/cote-divoire,10717023232.0,11192560640.0,12346918912.0,15306602496.0,16554441728.0,17084928000.0,17800888320.0,20341870592.0,24224905216.0,24277493760.0,24884504576.0,25669752832.0,37029752832.0,43227185152.0,48882454528.0,45814636544.0,47964225536.0,51588153344.0,58011475968.0,58539417600.0,61437317120.0,71344717824.0,79983788032.0
CI,Cote d'Ivoire,Millions of people,West Africa,Population,AfDB Data portal,Rural population (millions of people),Social and Economic,/aep/country/cote-divoire,9.48552417755127,9.6160364151001,9.72811698913574,9.8298168182373,9.93172931671143,10.0421142578125,10.1627950668335,10.2929277420044,10.4332675933838,10.5842609405518,10.7453727722168,10.9176578521729,11.1007871627808,11.292254447937,11.487771987915,11.6827926635742,11.8761701583862,12.0681867599487,12.2590227127075,12.449330329895,12.6394376754761,12.8289842605591,13.0172109603882
CI,Cote d'Ivoire,Millions of people,West Africa,Population,AfDB Data portal,Urban population (millions of people),Social and Economic,/aep/country/cote-divoire,7.20103693008423,7.42411613464355,7.63840007781982,7.84953784942627,8.06600856781006,8.294189453125,8.53664016723633,8.79301261901855,9.06471824645996,9.35210514068604,9.65595817565918,9.97765254974365,10.3178157806396,10.6740579605103,11.0435781478882,11.4256792068481,11.819748878479,12.2265634536743,12.6468200683594,13.0817527770996,13.5323123931885,13.9987440109253,14.480845451355
CM,Cameroon,Current US$,Central Africa,National Account,AfDB Data portal,GDP (current US$),Social and Economic,/aep/country/cameroon,9299305472.0,9633108992.0,10879778816.0,13621738496.0,15775356928.0,16587857920.0,17953064960.0,20431835136.0,26409783296.0,26017925120.0,26143817728.0,29337006080.0,29121200128.0,32357816320.0,34998509568.0,30931785728.0,32634689536.0,34996903936.0,38711705600.0,39009009664.0,39938285568.0,46870421504.0,49916407808.0
CM,Cameroon,Millions of people,Central Africa,Population,AfDB Data portal,Rural population (millions of people),Social and Economic,/aep/country/cameroon,8.31811618804932,8.44108581542969,8.56712532043457,8.69647407531738,8.82890033721924,8.96461963653564,9.10324192047119,9.24446487426758,9.38738632202148,9.53083610534668,9.67388725280762,9.81616401672363,9.95750331878662,10.0974798202515,10.2357168197632,10.3719072341919,10.505784034729,10.6371898651123,10.7661018371582,10.8925838470459,11.0166606903076,11.1382761001587,11.2573461532593
CM,Cameroon,Millions of people,Central Africa,Population,AfDB Data portal,Urban population (millions of people),Social and Economic,/aep/country/cameroon,6.95611810684204,7.23084115982056,7.51776123046875,7.81734800338745,8.13018131256104,8.45617485046387,8.79631996154785,9.15092372894287,9.51962184906006,9.90170478820801,10.2966079711914,10.7042827606201,11.1248798370361,11.558235168457,12.004186630249,12.4626150131226,12.9334049224854,13.4165372848511,13.9121322631836,14.4204092025757,14.9415225982666,15.4754886627197,16.0222625732422
CV,Cape Verde,Current US$,West Africa,National Account,AfDB Data portal,GDP (current US$),Social and Economic,/aep/country/cape-verde,654636352.0,654531456.0,713559360.0,944136192.0,1073627392.0,1119797632.0,1261287040.0,1513039616.0,1787968000.0,1697736960.0,1663913344.0,1865918080.0,1741810688.0,1850470016.0,1859898496.0,1596800384.0,1663008512.0,1769786496.0,1966501504.0,1981846144.0,1706884352.0,2089237376.0,2306899200.0
CV,Cape Verde,Millions of people,West Africa,Population,AfDB Data portal,Rural population (millions of people),Social and Economic,/aep/country/cape-verde,0.202593997120857,0.202818006277084,0.20278899371624,0.202478006482124,0.201813995838165,0.200792998075485,0.199391007423401,0.197670996189117,0.19573600590229,0.193735003471375,0.191807001829147,0.191430002450943,0.191091001033783,0.190792992711067,0.190519005060196,0.190249994397163,0.190009996294975,0.189807996153831,0.18962000310421,0.189426004886627,0.1891999989748,0.188936993479729,0.188640996813774
CV,Cape Verde,Millions of people,West Africa,Population,AfDB Data portal,Urban population (millions of people),Social and Economic,/aep/country/cape-verde,0.232484996318817,0.240897998213768,0.24931700527668,0.257669001817703,0.265850007534027,0.273773998022079,0.281403988599777,0.288767009973526,0.295987010002136,0.303227990865707,0.310577005147934,0.316637009382248,0.322887986898422,0.329313009977341,0.335918009281158,0.342662990093231,0.349550008773804,0.35657998919487,0.363714993000031,0.370923012495041,0.37814798951149,0.385374993085861,0.392605990171433
DJ,Djibouti,Current US$,East Africa,National Account,AfDB Data portal,GDP (current US$),Social and Economic,/aep/country/djibouti,555896256.0,577493248.0,596171136.0,627553600.0,666206976.0,708638080.0,768645632.0,847720768.0,976204288.0,1013228608.0,1066964480.0,1155260160.0,1899953792.0,2041008128.0,2210982400.0,2439649792.0,2612386816.0,2760405248.0,3006448384.0,3346266624.0,3439800832.0,3530186240.0,3713700608.0
DJ,Djibouti,Millions of people,East Africa,Population,AfDB Data portal,Rural population (millions of people),Social and Economic,/aep/country/djibouti,0.168405994772911,0.17161799967289,0.174438998103142,0.176988005638123,0.179464995861053,0.182017996907234,0.184662997722626,0.187353000044823,0.190108999609947,0.19294099509716,0.195769995450974,0.198612004518509,0.201455995440483,0.204251006245613,0.206928998231888,0.209442004561424,0.211763992905617,0.21390600502491,0.215874999761581,0.217688992619514,0.219361007213593,0.220887005329132,0.222257003188133
DJ,Djibouti,Millions of people,East Africa,Population,AfDB Data portal,Urban population (millions of people),Social and Economic,/aep/country/djibouti,0.549178004264832,0.561092972755432,0.571781992912292,0.581627011299133,0.591287016868591,0.60123598575592,0.611545026302338,0.62204897403717,0.632825016975403,0.643899023532867,0.655376017093658,0.667325019836426,0.679728984832764,0.692436993122101,0.705235004425049,0.717971980571747,0.730569005012512,0.743079006671906,0.75553297996521,0.768001019954681,0.780538022518158,0.793138027191162,0.805773973464966
DZ,Algeria,Current US$,North Africa,National Account,AfDB Data portal,GDP (current US$),Social and Economic,/aep/country/algeria,53885665280.0,54744711168.0,56760356864.0,67863830528.0,85327011840.0,103198212096.0,117027274752.0,134977085440.0,171000692736.0,137053503488.0,161207304192.0,200250228736.0,209016127488.0,209754996736.0,213809987584.0,165979111424.0,160034209792.0,170206986240.0,174863515648.0,171679711232.0,144921608192.0,160315654144.0,169557917696.0
DZ,Algeria,Millions of people,North Africa,Population,AfDB Data portal,Rural population (millions of people),Social and Economic,/aep/country/algeria,12.4988470077515,12.4119396209717,12.3178472518921,12.2214431762695,12.12744140625,12.040491104126,11.9599027633667,11.8856925964355,11.8189487457275,11.7653388977051,11.7239408493042,11.6954765319824,11.6775016784668,11.6640300750732,11.647650718689,11.6232805252075,11.5895366668701,11.547532081604,11.4980382919312,11.4425868988037,11.382345199585,11.317455291748,11.2477531433105
DZ,Algeria,Millions of people,North Africa,Population,AfDB Data portal,Urban population (millions of people),Social and Economic,/aep/country/algeria,18.6848125457764,19.1802139282227,19.6771984100342,20.182071685791,20.7036552429199,21.2479457855225,21.8180122375488,22.4143829345703,23.0417652130127,23.7004203796387,24.3936958312988,25.124080657959,25.8883457183838,26.6745319366455,27.4656620025635,28.2482471466064,29.0165157318115,29.7706108093262,30.5100154876709,31.2364311218262,31.9509105682373,32.6518478393555,33.3367156982422
EG,Egypt,Current US$,North Africa,National Account,AfDB Data portal,GDP (current US$),Social and Economic,/aep/country/egypt,100051222528.0,90284417024.0,84206239744.0,71356850176.0,78321672192.0,93184901120.0,110061338624.0,132163747840.0,164841226240.0,187986296832.0,214623305728.0,237443055616.0,275755630592.0,285433036800.0,305567006720.0,332076023808.0,332488343552.0,236531351552.0,250252836864.0,302334771200.0,364022595584.0,381251911680.0,419988275200.0
EG,Egypt,Millions of people,North Africa,Population,AfDB Data portal,Rural population (millions of people),Social and Economic,/aep/country/egypt,39.9886665344238,40.7115135192871,41.457202911377,42.2179756164551,42.9820442199707,43.7427940368652,44.4934616088867,45.2744674682617,46.0965881347656,46.9730453491211,47.9250106811523,48.9616088867188,50.1007652282715,51.2866477966309,52.4809837341309,53.654842376709,54.7993125915527,55.8934059143066,56.9382133483887,57.9392471313477,58.9004325866699,59.8193588256836,60.6919288635254
EG,Egypt,Millions of people,North Africa,Population,AfDB Data portal,Urban population (millions of people),Social and Economic,/aep/country/egypt,29.9173202514648,30.5154266357422,31.1329135894775,31.7639656066895,32.3998565673828,33.0353546142578,33.6655883789063,34.2627868652344,34.857292175293,35.4919776916504,36.1825981140137,36.9359512329102,37.7124938964844,38.5207862854004,39.3315811157227,40.1233291625977,40.8893699645996,41.6597442626953,42.4375305175781,43.2294998168945,44.0410537719727,44.8728256225586,45.7241325378418
ER,Eritrea,Current US$,East Africa,National Account,AfDB Data portal,GDP (current US$),Social and Economic,/aep/country/eritrea,706370816.0,752371712.0,729321664.0,870248320.0,1109053952.0,1098424704.0,1211161856.0,1317974528.0,1380188800.0,1856695552.0,2117039488.0,2064999936.0,2254861824.0,1957951232.0,2604234240.0,2016475520.0,2213366272.0,1903966848.0,2005658368.0,1981857024.0,2083093376.0,2270690560.0,2567610368.0
ER,Eritrea,Millions of people,East Africa,Population,AfDB Data portal,Rural population (millions of people),Social and Economic,/aep/country/eritrea,2.49074697494507,2.5370020866394,2.59023094177246,2.64506411552429,2.69468998908997,2.73468399047852,2.76326298713684,2.78201198577881,2.79354000091553,2.81961297988892,2.84635496139526,2.87404489517212,2.90204000473022,2.93111109733582,2.961993932724,2.99512505531311,3.030916929245,3.06910991668701,3.10863399505615,3.1480131149292,3.18617796897888,3.22284197807312,3.25821900367737
ER,Eritrea,Millions of people,East Africa,Population,AfDB Data portal,Urban population (millions of people),Social and Economic,/aep/country/eritrea,0.902054011821747,0.960121989250183,1.02440798282623,1.09320104122162,1.16393303871155,1.23432302474976,1.30338501930237,1.37132000923157,1.43909597396851,1.49072098731995,1.5444849729538,1.60064494609833,1.65893697738647,1.71988701820374,1.78405094146729,1.85185098648071,1.92372798919678,1.99972105026245,2.07931399345398,2.16164588928223,2.24603796005249,2.33229899406433,2.420578956604
ET,Ethiopia,Current US$,East Africa,National Account,AfDB Data portal,GDP (current US$),Social and Economic,/aep/country/ethiopia,7851214336.0,7763247616.0,7667124736.0,8401045504.0,9935634432.0,12163585024.0,14983303168.0,18991964160.0,25608605696.0,28194199552.0,26311297024.0,30479413248.0,43328110592.0,47764123648.0,55585280000.0,64734048256.0,72119926784.0,76840509440.0,80206708736.0,92607864832.0,96610721792.0,112985391104.0,118903914496.0
ET,Ethiopia,Millions of people,East Africa,Population,AfDB Data portal,Rural population (millions of people),Social and Economic,/aep/country/ethiopia,56.7300415039063,58.2680778503418,59.8396339416504,61.4385566711426,63.054370880127,64.6807098388672,66.3146133422852,67.9461898803711,69.4510726928711,70.9720916748047,72.5135269165039,74.0767364501953,75.6563186645508,77.2624282836914,78.8693618774414,80.4699478149414,82.0599822998047,83.6405792236328,85.2071151733398,86.7592926025391,88.2956466674805,89.8137435913086,91.3101806640625
ET,Ethiopia,Millions of people,East Africa,Population,AfDB Data portal,Urban population (millions of people),Social and Economic,/aep/country/ethiopia,9.80728912353516,10.2241811752319,10.6575584411621,11.1065883636475,11.5700359344482,12.0463733673096,12.5360765457153,13.054220199585,13.7338228225708,14.4441614151001,15.1891403198242,15.9700183868408,16.7878646850586,17.6252975463867,18.4974117279053,19.4030876159668,20.3432159423828,21.3168563842773,22.3277683258057,23.3763408660889,24.4634227752686,25.5895824432373,26.7550411224365
GA,Gabon,Current US$,Central Africa,National Account,AfDB Data portal,GDP (current US$),Social and Economic,/aep/country/gabon,5074172416.0,4716294656.0,4955384832.0,6036580352.0,7178044928.0,9578973184.0,10318424064.0,12438957056.0,15508576256.0,12065153024.0,14358631424.0,18184458240.0,17181358080.0,17595936768.0,18208573440.0,14384459776.0,14020127744.0,14924378112.0,16874801152.0,16875121664.0,15338894336.0,19482226688.0,23702745088.0
GA,Gabon,Millions of people,Central Africa,Population,AfDB Data portal,Rural population (millions of people),Social and Economic,/aep/country/gabon,0.260031014680862,0.257086992263794,0.254119992256165,0.251248985528946,0.248579993844032,0.246217995882034,0.244075998663902,0.242107003927231,0.240309000015259,0.238727003335953,0.237290993332863,0.236028999090195,0.234815999865532,0.233401998877525,0.231632992625237,0.229341000318527,0.226497992873192,0.223244994878769,0.219785004854202,0.216364994645119,0.21314999461174,0.21017099916935,0.207380995154381
GA,Gabon,Millions of people,Central Africa,Population,AfDB Data portal,Urban population (millions of people),Social and Economic,/aep/country/gabon,0.971090972423553,1.00517201423645,1.04028904438019,1.07689702510834,1.11562502384186,1.15690803527832,1.200767993927,1.24708604812622,1.29610204696655,1.3480269908905,1.40291905403137,1.46107196807861,1.52200102806091,1.58386898040771,1.64408004283905,1.70083403587341,1.75328803062439,1.80189204216003,1.847776055336,1.89273405075073,1.93813896179199,1.98431694507599,2.0309009552002
GH,Ghana,Current US$,West Africa,National Account,AfDB Data portal,GDP (current US$),Social and Economic,/aep/country/ghana,7558898176.0,7585226752.0,9519020032.0,11128067072.0,14405952512.0,17798760448.0,20410742784.0,24757553152.0,28528015360.0,25977847808.0,32174211072.0,53644795904.0,56504209408.0,63702351872.0,54284849152.0,49436811264.0,56144175104.0,60385415168.0,67259346944.0,68352634880.0,68498075648.0,76296806400.0,86047842304.0
GH,Ghana,Millions of people,West Africa,Population,AfDB Data portal,Rural population (millions of people),Social and Economic,/aep/country/ghana,10.6191320419312,10.7594347000122,10.9036598205566,11.0511999130249,11.2005043029785,11.3508987426758,11.5016260147095,11.6523036956787,11.800555229187,11.9444122314453,12.0813245773315,12.2107038497925,12.3330583572388,12.4491634368896,12.55943775177,12.6643657684326,12.7639036178589,12.8578643798828,12.9464225769043,13.0297994613647,13.1081876754761,13.1817512512207,13.2506198883057
GH,Ghana,Millions of people,West Africa,Population,AfDB Data portal,Urban population (millions of people),Social and Economic,/aep/country/ghana,8.31962966918945,8.66217041015625,9.02086162567139,9.39558219909668,9.78603172302246,10.1911096572876,10.6117992401123,11.0479078292847,11.4980850219727,11.9594192504883,12.4307794570923,12.9110918045044,13.3999910354614,13.8970880508423,14.4031248092651,14.9184551239014,15.4428243637085,15.9757652282715,16.517219543457,17.0671710968018,17.6255664825439,18.1923007965088,18.767204284668
GM,Gambia,Current US$,West Africa,National Account,AfDB Data portal,GDP (current US$),Social and Economic,/aep/country/gambia,1052423744.0,1044994880.0,924498560.0,878603328.0,1002694528.0,1077533952.0,1070665344.0,1273849088.0,1612943232.0,1487894528.0,1630446848.0,1409693568.0,1415004800.0,1375609472.0,1229461760.0,1354788608.0,1470006016.0,1498044544.0,1662275072.0,1806032384.0,1827634304.0,2089476480.0,2199311104.0
GM,Gambia,Millions of people,West Africa,Population,AfDB Data portal,Rural population (millions of people),Social and Economic,/aep/country/gambia,0.642180979251862,0.650815010070801,0.659830987453461,0.669586002826691,0.681267023086548,0.692934989929199,0.70449298620224,0.715978980064392,0.727393984794617,0.738839983940125,0.750272989273071,0.761695981025696,0.773029029369354,0.784258008003235,0.795364022254944,0.80630898475647,0.81707501411438,0.827654004096985,0.838034987449646,0.848212003707886,0.858184993267059,0.867935001850128,0.877453029155731
GM,Gambia,Millions of people,West Africa,Population,AfDB Data portal,Urban population (millions of people),Social and Economic,/aep/country/gambia,0.589663028717041,0.619679987430573,0.651517987251282,0.684607982635498,0.717306017875671,0.751268982887268,0.786527991294861,0.823136985301971,0.861177980899811,0.900720000267029,0.941875994205475,0.984667003154755,1.02909600734711,1.07506597042084,1.12248802185059,1.17128098011017,1.22142601013184,1.27291405200958,1.32572996616364,1.37986302375793,1.43530797958374,1.49201905727386,1.54997003078461
GN,Guinea,Current US$,West Africa,National Account,AfDB Data portal,GDP (current US$),Social and Economic,/aep/country/guinea,2995361024.0,2829435904.0,2950198784.0,3446441728.0,3635458304.0,2937071616.0,4220053504.0,6281933824.0,6964178944.0,6716817408.0,6853390336.0,6785188864.0,7506984960.0,8374108160.0,8776777728.0,8790293504.0,8604089344.0,10324682752.0,10892742656.0,12424609792.0,15388011520.0,16923541504.0,18399739904.0
GN,Guinea,Millions of people,West Africa,Population,AfDB Data portal,Rural population (millions of people),Social and Economic,/aep/country/guinea,6.0894341468811,6.17719221115112,6.2663779258728,6.3588228225708,6.45550680160522,6.55732107162476,6.6661171913147,6.78279685974121,6.90552377700806,7.03155612945557,7.15891122817993,7.28698587417603,7.41697788238525,7.55129289627075,7.69290399551392,7.84240198135376,8.00030136108398,8.16532135009766,8.33543682098389,8.50778675079346,8.6801700592041,8.85179328918457,9.02270603179932
GN,Guinea,Millions of people,West Africa,Population,AfDB Data portal,Urban population (millions of people),Social and Economic,/aep/country/guinea,2.71911191940308,2.79394698143005,2.87096691131592,2.95102500915527,3.03472208976746,3.12242388725281,3.21531105041504,3.31393003463745,3.41761803627014,3.52496790885925,3.63525891304016,3.74818396568298,3.86449098587036,3.98532199859619,4.11260509490967,4.24913120269775,4.39562320709229,4.55185508728027,4.71717119216919,4.89039278030396,5.07065582275391,5.25786685943604,5.45242500305176
GQ,Equatorial Guinea,Current US$,Central Africa,National Account,AfDB Data portal,GDP (current US$),Social and Economic,/aep/country/equatorial-guinea,1178883328.0,1694957696.0,2086501376.0,2753558272.0,4774440448.0,7205504512.0,10086529024.0,13071719424.0,19749896192.0,15027795968.0,16298541056.0,21329395712.0,22388344832.0,21948833792.0,21765453824.0,13185497088.0,11237706752.0,12196608000.0,13097012224.0,11417277440.0,10036353024.0,11981332480.0,13730043904.0
GQ,Equatorial Guinea,Millions of people,Central Africa,Population,AfDB Data portal,Rural population (millions of people),Social and Economic,/aep/country/equatorial-guinea,0.312736988067627,0.314556002616882,0.3160580098629,0.317389011383057,0.318679988384247,0.320042014122009,0.321395009756088,0.322609007358551,0.323525011539459,0.324028998613358,0.323947012424469,0.323267996311188,0.321963995695114,0.330069988965988,0.337895005941391,0.345376014709473,0.352549999952316,0.359434992074966,0.366012990474701,0.372296005487442,0.378289997577667,0.383989989757538,0.389403998851776
GQ,Equatorial Guinea,Millions of people,Central Africa,Population,AfDB Data portal,Urban population (millions of people),Social and Economic,/aep/country/equatorial-guinea,0.301586002111435,0.325206011533737,0.350349009037018,0.377222001552582,0.406136989593506,0.437274992465973,0.470822006464005,0.50671797990799,0.544893026351929,0.585081994533539,0.627156972885132,0.671021997928619,0.716629028320313,0.753675997257233,0.79152899980545,0.830012977123261,0.868939995765686,0.908254027366638,0.947880983352661,0.987807989120483,1.02798998355865,1.06835997104645,1.10888302326202
GW,Guinea Bissau,Current US$,West Africa,National Account,AfDB Data portal,GDP (current US$),Social and Economic,/aep/country/guinea-bissau,362698880.0,380101440.0,408638592.0,464477344.0,531241504.0,586795648.0,591839488.0,695614656.0,864136768.0,825824512.0,849050112.0,1098379392.0,1050076160.0,1109699968.0,1135543552.0,1152500864.0,1244730752.0,1469459840.0,1705479040.0,1464372096.0,1469609344.0,1612511872.0,1749630080.0
GW,Guinea Bissau,Millions of people,West Africa,Population,AfDB Data portal,Rural population (millions of people),Social and Economic,/aep/country/guinea-bissau,0.792644023895264,0.803319990634918,0.814872980117798,0.827250003814697,0.840297996997833,0.853949010372162,0.868158996105194,0.882992029190063,0.898503005504608,0.914776980876923,0.931806027889252,0.949585020542145,0.968011021614075,0.986863017082214,1.00584197044373,1.02472698688507,1.04342603683472,1.06194698810577,1.08027398586273,1.0984400510788,1.11646199226379,1.13431096076965,1.15195095539093
GW,Guinea Bissau,Millions of people,West Africa,Population,AfDB Data portal,Urban population (millions of people),Social and Economic,/aep/country/guinea-bissau,0.450585007667542,0.464192003011703,0.478650003671646,0.493952006101608,0.510047018527985,0.526889026165009,0.544510006904602,0.562965989112854,0.582337975502014,0.602671027183533,0.62407398223877,0.646569013595581,0.670127987861633,0.694631993770599,0.719901978969574,0.745799005031586,0.772271990776062,0.799336016178131,0.826994001865387,0.85528302192688,0.884231984615326,0.913828015327454,0.944058001041412
KE,Kenya,Current US$,East Africa,National Account,AfDB Data portal,GDP (current US$),Social and Economic,/aep/country/kenya,12608177152.0,12983226368.0,13102940160.0,14904453120.0,16095233024.0,18739030016.0,25811531776.0,31958177792.0,35895144448.0,37021507584.0,40000114688.0,41954955264.0,50412752896.0,61671186432.0,68285399040.0,70120275968.0,74815496192.0,82035826688.0,92226732032.0,100458348544.0,102427369472.0,108603506688.0,116550295552.0
KE,Kenya,Millions of people,East Africa,Population,AfDB Data portal,Rural population (millions of people),Social and Economic,/aep/country/kenya,25.1942977905273,25.7798347473145,26.3747615814209,26.9810848236084,27.6005420684814,28.2348346710205,28.883861541748,29.5470886230469,30.2227153778076,30.9090747833252,31.6034832000732,32.3032379150391,33.0071983337402,33.7126922607422,34.4166374206543,35.1165046691895,35.810733795166,36.4985160827637,37.1790733337402,37.8519515991211,38.5166397094727,39.1720085144043,39.8171463012695
KE,Kenya,Millions of people,East Africa,Population,AfDB Data portal,Urban population (millions of people),Social and Economic,/aep/country/kenya,6.25618505477905,6.54164791107178,6.83924722671509,7.14976692199707,7.47438907623291,7.81345415115356,8.16818904876709,8.53882122039795,8.92570114135742,9.32812976837158,9.74666881561279,10.1836013793945,10.6394290924072,11.1141576766968,11.6076135635376,12.1197557449341,12.6508340835571,13.2013473510742,13.7718048095703,14.3628377914429,14.975058555603,15.6088438034058,16.2646255493164
KM,Comoros,Current US$,East Africa,National Account,AfDB Data portal,GDP (current US$),Social and Economic,/aep/country/comoros,422304320.0,455204448.0,506909664.0,656361344.0,761850432.0,787338560.0,836185920.0,794622144.0,911967872.0,901711936.0,907093696.0,1021746944.0,1016486784.0,1116240384.0,1149883904.0,966127424.0,1012555840.0,1076242944.0,1179335424.0,1184057088.0,1211216896.0,1297032832.0,1378363904.0
KM,Comoros,Millions of people,East Africa,Population,AfDB Data portal,Rural population (millions of people),Social and Economic,/aep/country/comoros,0.390064001083374,0.40004101395607,0.410073012113571,0.420217990875244,0.430581003427505,0.441134005784988,0.451884001493454,0.462821990251541,0.473953992128372,0.485269993543625,0.49676701426506,0.508448004722595,0.520292997360229,0.532229006290436,0.544188976287842,0.556089997291565,0.567911028862,0.57963901758194,0.591255009174347,0.60275000333786,0.614113986492157,0.625324010848999,0.636352002620697
KM,Comoros,Millions of people,East Africa,Population,AfDB Data portal,Urban population (millions of people),Social and Economic,/aep/country/comoros,0.152292996644974,0.155846998095512,0.159406006336212,0.162992998957634,0.166647002100945,0.170493006706238,0.174540996551514,0.178798004984856,0.183274999260902,0.187981992959976,0.192925006151199,0.19812099635601,0.203575000166893,0.209270998835564,0.215195998549461,0.221333995461464,0.227689996361732,0.234273001551628,0.241091996431351,0.248160004615784,0.255486994981766,0.263083010911942,0.270954012870789
LR,Liberia,Current US$,West Africa,National Account,AfDB Data portal,GDP (current US$),Social and Economic,/aep/country/liberia,644944256.0,637808640.0,686682880.0,529063488.0,643917952.0,706232576.0,815419840.0,949000000.0,1100999936.0,1155000064.0,1292000000.0,2398197760.0,2721479936.0,2802164736.0,1722495360.0,2128038016.0,2594700288.0,2971501824.0,3136790272.0,3018301440.0,3239980544.0,4542202368.0,5016303616.0
LR,Liberia,Millions of people,West Africa,Population,AfDB Data portal,Rural population (millions of people),Social and Economic,/aep/country/liberia,1.60579097270966,1.65489101409912,1.68405199050903,1.70267295837402,1.72459602355957,1.75941097736359,1.80958294868469,1.87092697620392,1.93815505504608,2.00314903259277,2.06039190292358,2.10863494873047,2.15001511573792,2.18665504455566,2.22183799743652,2.25790596008301,2.29521298408508,2.33295297622681,2.37087392807007,2.40844702720642,2.4452919960022,2.48143601417542,2.51704001426697
LR,Liberia,Millions of people,West Africa,Population,AfDB Data portal,Urban population (millions of people),Social and Economic,/aep/country/liberia,1.2787309885025,1.3362410068512,1.37881100177765,1.41356003284454,1.45181798934937,1.50181901454926,1.56625497341156,1.64200496673584,1.72483801841736,1.80837905406952,1.8877329826355,1.96153199672699,2.03154802322388,2.09963607788086,2.16889905929565,2.24171495437622,2.31860995292664,2.39895296096802,2.48264193534851,2.56927299499512,2.65856099128723,2.75064611434937,2.84582304954529
LS,Lesotho,Current US$,Southern Africa,National Account,AfDB Data portal,GDP (current US$),Social and Economic,/aep/country/lesotho,783689600.0,701905856.0,672906368.0,973032256.0,1233270144.0,1318365312.0,1406914688.0,1820771584.0,1870667264.0,1865968768.0,2385943552.0,2787939584.0,2438269440.0,2254694912.0,2395009536.0,2184119808.0,2230648832.0,2364039680.0,2418960896.0,2398079488.0,2288775680.0,2170593024.0,2326411776.0
LS,Lesotho,Millions of people,Southern Africa,Population,AfDB Data portal,Rural population (millions of people),Social and Economic,/aep/country/lesotho,1.50341105461121,1.50750398635864,1.51049602031708,1.51266503334045,1.51433002948761,1.51579403877258,1.51709794998169,1.52033698558807,1.52403604984283,1.52868497371674,1.53453600406647,1.54172599315643,1.55273199081421,1.56471002101898,1.57710194587708,1.58949899673462,1.60179305076599,1.61403405666351,1.62590897083282,1.63730800151825,1.64812505245209,1.65827095508575,1.66771399974823
LS,Lesotho,Millions of people,Southern Africa,Population,AfDB Data portal,Urban population (millions of people),Social and Economic,/aep/country/lesotho,0.365287989377975,0.378450989723206,0.391815990209579,0.405431985855103,0.419398009777069,0.433748990297318,0.448563992977142,0.4619500041008,0.475894004106522,0.490523993968964,0.506015002727509,0.522440016269684,0.537195980548859,0.552650988101959,0.56868302822113,0.585146009922028,0.602028012275696,0.619305014610291,0.637100994586945,0.655373990535736,0.674091994762421,0.693231999874115,0.712786972522736
LY,Libya,Current US$,North Africa,National Account,AfDB Data portal,GDP (current US$),Social and Economic,/aep/country/libya,37760004096.0,32943724544.0,21415993344.0,25746126848.0,33426616320.0,47694094336.0,54640775168.0,56630095872.0,73837346816.0,50807615488.0,68973658112.0,31999000576.0,79759237120.0,51895848960.0,24262395904.0,17215782912.0,18563131392.0,30211422208.0,41432104960.0,39496986624.0,19209838592.0,32352378880.0,48773001216.0
LY,Libya,Millions of people,North Africa,Population,AfDB Data portal,Rural population (millions of people),Social and Economic,/aep/country/libya,1.26464796066284,1.2784069776535,1.29181301593781,1.3046840429306,1.31673502922058,1.32765901088715,1.33782696723938,1.34707403182983,1.35395705699921,1.35660898685455,1.35398602485657,1.34538805484772,1.33187198638916,1.31626296043396,1.3023020029068,1.29247605800629,1.28759503364563,1.28656494617462,1.28759300708771,1.28813004493713,1.28640198707581,1.28207504749298,1.27575302124023
LY,Libya,Millions of people,North Africa,Population,AfDB Data portal,Urban population (millions of people),Social and Economic,/aep/country/libya,4.09110307693481,4.16215896606445,4.23570203781128,4.3112678527832,4.388023853302,4.46502876281738,4.54360818862915,4.62328815460205,4.69912099838257,4.76444387435913,4.81515407562256,4.84811305999756,4.86638593673706,4.87970685958862,4.90180587768555,4.94247913360596,5.00565814971924,5.08805084228516,5.18336296081543,5.28173398971558,5.37577104568481,5.46359777450562,5.54709911346436
MA,Morocco,Current US$,North Africa,National Account,AfDB Data portal,GDP (current US$),Social and Economic,/aep/country/morocco,38858579968.0,39459667968.0,42238435328.0,52064149504.0,59625906176.0,62342963200.0,68640956416.0,79040970752.0,92506955776.0,92897320960.0,93217210368.0,101370789888.0,98265800704.0,106825596928.0,110080770048.0,101179310080.0,103311900672.0,109682753536.0,118096199680.0,119870734336.0,114601689088.0,129247608832.0,134217482240.0
MA,Morocco,Millions of people,North Africa,Population,AfDB Data portal,Rural population (millions of people),Social and Economic,/aep/country/morocco,13.4626817703247,13.5222091674805,13.5787496566772,13.6337013244629,13.6881742477417,13.6814155578613,13.6609363555908,13.6405544281006,13.6226081848145,13.6109037399292,13.6063365936279,13.6099081039429,13.619441986084,13.6314172744751,13.6394376754761,13.6397275924683,13.6307878494263,13.6138782501221,13.5890617370605,13.5572557449341,13.5191192626953,13.4745416641235,13.4232006072998
MA,Morocco,Millions of people,North Africa,Population,AfDB Data portal,Urban population (millions of people),Social and Economic,/aep/country/morocco,15.3869390487671,15.6596231460571,15.9336175918579,16.2102355957031,16.4911117553711,16.8396549224854,17.2084102630615,17.5853271484375,17.9742469787598,18.3789920806885,18.8033027648926,19.2489147186279,19.7143478393555,20.1933517456055,20.6786441802979,21.1635932922363,21.6459980010986,22.1257019042969,22.6027431488037,23.0778999328613,23.5515995025635,24.0229606628418,24.4906520843506
MG,Madagascar,Current US$,East Africa,National Account,AfDB Data portal,GDP (current US$),Social and Economic,/aep/country/madagascar,3767477248.0,4445865472.0,4175662592.0,5277368320.0,3991263744.0,5011585536.0,5413446656.0,8659588096.0,11076283392.0,10023996416.0,10250149888.0,9892684800.0,11578977280.0,12423558144.0,12522958848.0,11323023360.0,11848614912.0,13176312832.0,13760032768.0,14104664064.0,13056080896.0,13970564096.0,15317142528.0
MG,Madagascar,Millions of people,East Africa,Population,AfDB Data portal,Rural population (millions of people),Social and Economic,/aep/country/madagascar,11.4906349182129,11.8068962097168,12.1274271011353,12.4520225524902,12.7805051803589,13.0531806945801,13.3247623443604,13.5950403213501,13.8635520935059,14.1308498382568,14.3963031768799,14.6598138809204,14.9215250015259,15.1823043823242,15.4433145523071,15.7052946090698,15.9683046340942,16.2318706512451,16.4955253601074,16.7586135864258,17.0205459594727,17.2810249328613,17.5397834777832
MG,Madagascar,Millions of people,East Africa,Population,AfDB Data portal,Urban population (millions of people),Social and Economic,/aep/country/madagascar,4.27617120742798,4.45403623580933,4.63769006729126,4.82711791992188,5.02249193191528,5.2835431098938,5.55550622940063,5.83848285675049,6.13291692733765,6.43827104568481,6.75533723831177,7.08413505554199,7.42504787445068,7.77884197235107,8.14648628234863,8.52879333496094,8.92624568939209,9.33902454376221,9.76728534698486,10.2110290527344,10.6702518463135,11.1450805664063,11.6356287002563
ML,Mali,Current US$,West Africa,National Account,AfDB Data portal,GDP (current US$),Social and Economic,/aep/country/mali,2954129408.0,3465305856.0,3889757952.0,4703504384.0,5444474368.0,6245031424.0,6899799552.0,8145694720.0,9750823936.0,10181021696.0,10678749184.0,12978107392.0,12449913856.0,13214152704.0,14368638976.0,13106091008.0,14022177792.0,15360290816.0,17078608896.0,17280983040.0,17490657280.0,18995118080.0,20682334208.0
ML,Mali,Millions of people,West Africa,Population,AfDB Data portal,Rural population (millions of people),Social and Economic,/aep/country/mali,7.85767221450806,8.00970363616943,8.16981029510498,8.33786773681641,8.51324081420898,8.6954288482666,8.88441753387451,9.07896041870117,9.27429485321045,9.46510219573975,9.64815807342529,9.82200622558594,9.98828315734863,10.1506185531616,10.3141269683838,10.4823122024536,10.6559448242188,10.8337116241455,11.014386177063,11.1961040496826,11.3775444030762,11.5584983825684,11.7394371032715
ML,Mali,Millions of people,West Africa,Population,AfDB Data portal,Urban population (millions of people),Social and Economic,/aep/country/mali,3.11001801490784,3.28355407714844,3.46911907196045,3.66725993156433,3.87866497039795,4.10333395004272,4.34264612197876,4.59664583206177,4.86392116546631,5.14149522781372,5.42692708969116,5.71898317337036,6.01838684082031,6.32719898223877,6.64871883392334,6.98559284210205,7.33889198303223,7.70826816558838,8.0933198928833,8.4930362701416,8.90663623809814,9.33408641815186,9.77586841583252
MR,Mauritania,Current US$,North Africa,National Account,AfDB Data portal,GDP (current US$),Social and Economic,/aep/country/mauritania,1293654016.0,1295539072.0,1324426240.0,1563074816.0,1831136128.0,2183855360.0,3109772544.0,3342737408.0,3978425856.0,3670517248.0,4343665152.0,5179689472.0,6720839168.0,7331167744.0,6615473152.0,6181756928.0,6414120960.0,6824679424.0,7349877248.0,7887203840.0,8108116992.0,9948911616.0,10497745920.0
MR,Mauritania,Millions of people,North Africa,Population,AfDB Data portal,Rural population (millions of people),Social and Economic,/aep/country/mauritania,1.67732501029968,1.71305203437805,1.73886394500732,1.76388299465179,1.78828597068787,1.81235194206238,1.8358279466629,1.85872399806976,1.88138198852539,1.90440797805786,1.92792201042175,1.95204794406891,1.9763970375061,2.00046610832214,2.02371311187744,2.04564189910889,2.06610608100891,2.08527803421021,2.1033239364624,2.12051701545715,2.1370530128479,2.15296506881714,2.16820693016052
MR,Mauritania,Millions of people,North Africa,Population,AfDB Data portal,Urban population (millions of people),Social and Economic,/aep/country/mauritania,1.03203403949738,1.07767701148987,1.1343640089035,1.19323396682739,1.25453698635101,1.31836795806885,1.3848249912262,1.45394098758698,1.52615904808044,1.60187995433807,1.68162095546722,1.76562404632568,1.85384202003479,1.94570398330688,2.04020690917969,2.13669896125793,2.23491191864014,2.33490610122681,2.43674397468567,2.54063200950623,2.64671397209167,2.75494599342346,2.86517095565796
MU,Mauritius,Current US$,East Africa,National Account,AfDB Data portal,GDP (current US$),Social and Economic,/aep/country/mauritius,4567272448.0,4613700096.0,4841310208.0,5816594944.0,6578840576.0,6488742912.0,6731539968.0,7792071680.0,9990356992.0,9128843264.0,10003671040.0,11518518272.0,11668696064.0,12129626112.0,12803438592.0,11692286976.0,12232469504.0,13259347968.0,14181929984.0,14045802496.0,10926823424.0,11953976320.0,12762158080.0
MU,Mauritius,Millions of people,East Africa,Population,AfDB Data portal,Rural population (millions of people),Social and Economic,/aep/country/mauritius,0.679440021514893,0.6858029961586,0.691682994365692,0.697167992591858,0.702381014823914,0.707397997379303,0.712296009063721,0.717042982578278,0.721553027629852,0.725690007209778,0.729371011257172,0.732554018497467,0.735323011875153,0.737838983535767,0.740366995334625,0.743079006671906,0.745792984962463,0.748440027236938,0.750927984714508,0.753078997135162,0.754783987998962,0.755994975566864,0.756756007671356
MU,Mauritius,Millions of people,East Africa,Population,AfDB Data portal,Urban population (millions of people),Social and Economic,/aep/country/mauritius,0.505704998970032,0.508113980293274,0.510128974914551,0.511825978755951,0.513296008110046,0.514604985713959,0.515802025794983,0.516867995262146,0.51774001121521,0.518333971500397,0.518584012985229,0.518468976020813,0.518047988414764,0.517450988292694,0.516852021217346,0.516376972198486,0.516339004039764,0.516698002815247,0.517386972904205,0.518289029598236,0.519330024719238,0.52047997713089,0.521772027015686
MW,Malawi,Current US$,Southern Africa,National Account,AfDB Data portal,GDP (current US$),Social and Economic,/aep/country/malawi,3150376960.0,3101595648.0,3495591168.0,3209166848.0,3476331264.0,3655889920.0,3998309376.0,4432937472.0,5321012736.0,6191125504.0,6959657472.0,8004003328.0,7857639424.0,7208734208.0,8267814400.0,8903493632.0,7350922752.0,8787372032.0,9714631680.0,10867859456.0,11666169856.0,12361324544.0,12256541696.0
MW,Malawi,Millions of people,Southern Africa,Population,AfDB Data portal,Rural population (millions of people),Social and Economic,/aep/country/malawi,9.71412181854248,9.97683525085449,10.2373504638672,10.5016136169434,10.7791566848755,11.0767288208008,11.3955335617065,11.7323551177979,12.0840625762939,12.4443302154541,12.8095140457153,13.1784801483154,13.5519418716431,13.9304761886597,14.3152227401733,14.7069072723389,15.1052989959717,15.5095138549805,15.918794631958,16.3321704864502,16.7488555908203,17.1681098937988,17.5896739959717
MW,Malawi,Millions of people,Southern Africa,Population,AfDB Data portal,Urban population (millions of people),Social and Economic,/aep/country/malawi,1.6620500087738,1.71902799606323,1.77636098861694,1.83507299423218,1.89688098430634,1.96298205852509,2.0337278842926,2.10861396789551,2.18717098236084,2.27027201652527,2.35758090019226,2.44913792610168,2.54536294937134,2.64667105674744,2.75361490249634,2.86669993400574,2.98627591133118,3.11259007453918,3.24593305587769,3.38657307624817,3.53483605384827,3.69108104705811,3.85579395294189
MZ,Mozambique,Current US$,Southern Africa,National Account,AfDB Data portal,GDP (current US$),Social and Economic,/aep/country/mozambique,5016452608.0,4766919168.0,5031520256.0,5597375488.0,6831796224.0,7723857920.0,8312085504.0,9366727680.0,11494816768.0,10911684608.0,10154238976.0,14381552640.0,16257028096.0,16974314496.0,17716090880.0,15950979072.0,11936993280.0,13219079168.0,14845400064.0,15390030848.0,14028811264.0,17252970496.0,18867533824.0
MZ,Mozambique,Millions of people,Southern Africa,Population,AfDB Data portal,Rural population (millions of people),Social and Economic,/aep/country/mozambique,12.8102922439575,13.1465129852295,13.5017442703247,13.8731908798218,14.2558298110962,14.6462621688843,15.0440845489502,15.4510059356689,15.8026857376099,16.1543579101563,16.5117473602295,16.874792098999,17.2427616119385,17.6159286499023,17.9934253692627,18.3750896453857,18.760440826416,19.149787902832,19.5420532226563,19.935884475708,20.3307552337646,20.7261219024658,21.1215763092041
MZ,Mozambique,Millions of people,Southern Africa,Population,AfDB Data portal,Urban population (millions of people),Social and Economic,/aep/country/mozambique,5.25739479064941,5.44224500656128,5.63791418075562,5.84340715408325,6.05687522888184,6.27680778503418,6.50337791442871,6.73738098144531,7.04407215118408,7.36970615386963,7.70965719223022,8.06421184539795,8.43384456634521,8.81844425201416,9.21895694732666,9.63560199737549,10.069034576416,10.5190458297729,10.9866199493408,11.4729375839233,11.9784393310547,12.5035419464111,13.0487489700317
NE,Niger,Current US$,West Africa,National Account,AfDB Data portal,GDP (current US$),Social and Economic,/aep/country/niger,1717703552.0,1880693888.0,2144636032.0,2639891968.0,2897003520.0,3369007360.0,3646726144.0,4283547392.0,5403362304.0,5397122048.0,5718587392.0,8667405312.0,9208250368.0,10143228928.0,10934458368.0,9667589120.0,10395944960.0,11181104128.0,12938691584.0,12990336000.0,13998432256.0,15163540480.0,16981269504.0
NE,Niger,Millions of people,West Africa,Population,AfDB Data portal,Rural population (millions of people),Social and Economic,/aep/country/niger,9.5153694152832,9.85791110992432,10.2218952178955,10.600022315979,10.9943313598633,11.40651512146,11.8373193740845,12.287148475647,12.7570571899414,13.2481241226196,13.7612571716309,14.2973937988281,14.8569965362549,15.4399003982544,16.0425395965576,16.6643829345703,17.3053493499756,17.9659023284912,18.6466827392578,19.3485336303711,20.0720558166504,20.8172931671143,21.5840015411377
NE,Niger,Millions of people,West Africa,Population,AfDB Data portal,Urban population (millions of people),Social and Economic,/aep/country/niger,1.83760404586792,1.91406500339508,1.98410701751709,2.05684804916382,2.13268089294434,2.21193408966064,2.29474496841431,2.38119006156921,2.47146797180176,2.56578898429871,2.66432094573975,2.76724195480347,2.87463688850403,2.9864718914032,3.10567903518677,3.23258304595947,3.3676381111145,3.51144504547119,3.66469192504883,3.82815790176392,4.00263786315918,4.18887615203857,4.38762903213501
NG,Nigeria,Current US$,West Africa,National Account,AfDB Data portal,GDP (current US$),Social and Economic,/aep/country/nigeria,69448736768.0,74030399488.0,95385853952.0,104911986688.0,136385953792.0,176134045696.0,236104040448.0,275570917376.0,336976052224.0,291922378752.0,369062412288.0,418859024384.0,459376099328.0,514964750336.0,568498782208.0,492436586496.0,404649115648.0,375745478656.0,398160363520.0,448120422400.0,429423001600.0,494819442688.0,586464624640.0
NG,Nigeria,Millions of people,West Africa,Population,AfDB Data portal,Rural population (millions of people),Social and Economic,/aep/country/nigeria,79.7245712280273,80.7114944458008,81.6924743652344,82.6730117797852,83.6565475463867,84.6505584716797,85.6493148803711,86.6507568359375,87.6492233276367,88.6452407836914,89.6284332275391,90.61474609375,91.6022720336914,92.5848846435547,93.5552978515625,94.5086517333984,95.4434661865234,96.3612976074219,97.2644348144531,98.1564254760742,99.0401763916016,99.9165802001953,100.786285400391
NG,Nigeria,Millions of people,West Africa,Population,AfDB Data portal,Urban population (millions of people),Social and Economic,/aep/country/nigeria,42.62744140625,44.7519416809082,46.9742393493652,49.2995185852051,51.7370681762695,54.2889175415039,56.9647827148438,59.7662658691406,62.6981620788574,65.7569427490234,68.9498291015625,72.262336730957,75.6950073242188,79.2444229125977,82.9052047729492,86.673095703125,90.5461807250977,94.525016784668,98.6108016967773,102.805992126465,107.112525939941,111.530090332031,116.05785369873
RW,Rwanda,Current US$,East Africa,National Account,AfDB Data portal,GDP (current US$),Social and Economic,/aep/country/rwanda,1735590016.0,1674974208.0,1676605568.0,1846909312.0,2088496256.0,2581465600.0,3193704960.0,3876004352.0,4924580352.0,5449765376.0,5849458688.0,6116875264.0,7289621504.0,7815974400.0,8233775616.0,8540859904.0,8692242432.0,9255231488.0,9640249344.0,10357426176.0,10191217664.0,10876353536.0,11430461440.0
RW,Rwanda,Millions of people,East Africa,Population,AfDB Data portal,Rural population (millions of people),Social and Economic,/aep/country/rwanda,6.82778310775757,7.01093721389771,7.10405778884888,7.21303987503052,7.32740879058838,7.4710168838501,7.64912891387939,7.84880495071411,8.06502819061279,8.28829765319824,8.51164436340332,8.73482799530029,8.96093845367432,9.1899471282959,9.42035388946533,9.65208625793457,9.88480091094971,10.1176633834839,10.3495988845825,10.5793266296387,10.8058433532715,11.0285778045654,11.247444152832
RW,Rwanda,Millions of people,East Africa,Population,AfDB Data portal,Urban population (millions of people),Social and Economic,/aep/country/rwanda,1.19791996479034,1.31846904754639,1.43214702606201,1.46730601787567,1.49102902412415,1.52071797847748,1.55745100975037,1.59859704971313,1.64314103126526,1.68914794921875,1.73519802093506,1.78124296665192,1.82791495323181,1.87520396709442,1.92500305175781,1.97746694087982,2.03270697593689,2.09074401855469,2.15155696868896,2.21508502960205,2.28133010864258,2.35038900375366,2.42246890068054
SC,Seychelles,Current US$,East Africa,National Account,AfDB Data portal,GDP (current US$),Social and Economic,/aep/country/seychelles,746848960.0,746284544.0,837920704.0,846384768.0,839319936.0,918185088.0,1016419776.0,1033635776.0,967211968.0,847424832.0,969973760.0,1018426752.0,1059626944.0,1327847168.0,1343102464.0,1377238144.0,1426619520.0,1524585216.0,1579138688.0,1701985152.0,1137556864.0,1508306176.0,1724448896.0
SC,Seychelles,Millions of people,East Africa,Population,AfDB Data portal,Rural population (millions of people),Social and Economic,/aep/country/seychelles,0.0402240008115768,0.0407500006258488,0.041363999247551,0.0419900007545948,0.0425279997289181,0.0428900010883808,0.0430639982223511,0.0430769994854927,0.04296800121665,0.0428140014410019,0.042653001844883,0.0425009988248348,0.0423399992287159,0.0421740002930164,0.0419929996132851,0.0418090000748634,0.041618999093771,0.0414370000362396,0.0412460006773472,0.0410379990935326,0.040803998708725,0.0405419990420341,0.0402560010552406
SC,Seychelles,Millions of people,East Africa,Population,AfDB Data portal,Urban population (millions of people),Social and Economic,/aep/country/seychelles,0.0409270003437996,0.0418169982731342,0.0428389981389046,0.043919999152422,0.0449559986591339,0.0458539985120296,0.046594999730587,0.0472039990127087,0.0477179996669292,0.0482200011610985,0.0487519986927509,0.0493329986929893,0.0499450005590916,0.0505909994244576,0.0512610003352165,0.0519330017268658,0.0526090003550053,0.0533000007271767,0.0539890006184578,0.0546640008687973,0.055307999253273,0.0559220016002655,0.0565039999783039
SD,Sudan,Current US$,East Africa,National Account,AfDB Data portal,GDP (current US$),Social and Economic,/aep/country/sudan,12341489664.0,15716361216.0,18137126912.0,21355294720.0,26646009856.0,35141713920.0,45252014080.0,59440156672.0,64833081344.0,60562452480.0,69664587776.0,66448117760.0,48947781632.0,51215368192.0,60725694464.0,64535621632.0,64883036160.0,47836897280.0,33432168448.0,33563777024.0,34395881472.0,50899169280.0,123607433216.0
SD,Sudan,Millions of people,East Africa,Population,AfDB Data portal,Rural population (millions of people),Social and Economic,/aep/country/sudan,18.3954200744629,18.8494815826416,19.3297958374023,19.8240146636963,20.3133716583252,20.7852745056152,21.2359294891357,21.6726188659668,22.1068782806396,22.5481262207031,23.0078620910645,23.4893589019775,23.9889259338379,24.5027084350586,25.0242309570313,25.5484886169434,26.0741882324219,26.6020412445068,27.1313095092773,27.6615085601807,28.1917781829834,28.7208461761475,29.2466983795166
SD,Sudan,Millions of people,East Africa,Population,AfDB Data portal,Urban population (millions of people),Social and Economic,/aep/country/sudan,8.85511493682861,9.09552383422852,9.34976959228516,9.61192989349365,9.87296867370605,10.1266403198242,10.3711338043213,10.6099081039429,10.8486175537109,11.1024932861328,11.378101348877,11.6779556274414,12.0012655258179,12.3472089767456,12.7136821746826,13.0993137359619,13.504638671875,13.9312877655029,14.3802165985107,14.8525857925415,15.3494243621826,15.8715934753418,16.4195938110352
SL,Sierra Leone,Current US$,West Africa,National Account,AfDB Data portal,GDP (current US$),Social and Economic,/aep/country/sierra-leone,860650560.0,1090465408.0,1253320320.0,1385785472.0,1448538368.0,1650494336.0,1885112192.0,2158496768.0,2505458688.0,2453899776.0,2578026240.0,2942454784.0,3802068480.0,4915622912.0,5006949376.0,4252249344.0,3854589440.0,3712855296.0,4084970240.0,4073775872.0,4201664768.0,4470305792.0,4427691008.0
SL,Sierra Leone,Millions of people,West Africa,Population,AfDB Data portal,Rural population (millions of people),Social and Economic,/aep/country/sierra-leone,2.93824195861816,3.03937005996704,3.16721606254578,3.30941200256348,3.44898796081543,3.56935095787048,3.66692900657654,3.74824905395508,3.81776809692383,3.88297700881958,3.94911503791809,4.01673889160156,4.08390283584595,4.15077114105225,4.21693897247314,4.28223419189453,4.34691190719604,4.41070985794067,4.47322702407837,4.5340838432312,4.59295988082886,4.64975690841675,4.70450878143311
SL,Sierra Leone,Millions of people,West Africa,Population,AfDB Data portal,Urban population (millions of people),Social and Economic,/aep/country/sierra-leone,1.62605500221252,1.69977700710297,1.78999996185303,1.89013695716858,1.99070703983307,2.08902788162231,2.18176293373108,2.26716804504395,2.34760403633118,2.42728304862976,2.50960493087769,2.59495306015015,2.68219995498657,2.77130794525146,2.86222290992737,2.95479106903076,3.04927802085876,3.14650201797485,3.24650192260742,3.34903907775879,3.45397090911865,3.56131196022034,3.6711699962616
SN,Senegal,Current US$,West Africa,National Account,AfDB Data portal,GDP (current US$),Social and Economic,/aep/country/senegal,4685620224.0,4881026560.0,5359691776.0,6845136384.0,8033342976.0,8700398592.0,9358482432.0,11285182464.0,13361631232.0,12771709952.0,12914129920.0,14352023552.0,17672054784.0,18918942720.0,19802355712.0,17776566272.0,19035129856.0,20989128704.0,23127197696.0,23405058048.0,24533948416.0,31842381824.0,33198727168.0
SN,Senegal,Millions of people,West Africa,Population,AfDB Data portal,Rural population (millions of people),Social and Economic,/aep/country/senegal,5.89876794815063,6.03372383117676,6.17500400543213,6.3067421913147,6.43046379089355,6.55789613723755,6.68861103057861,6.82318496704102,6.96272420883179,7.10893821716309,7.26241683959961,7.4235692024231,7.59126996994019,7.7634859085083,7.93695497512817,8.10828399658203,8.27657699584961,8.44200420379639,8.60462856292725,8.7648868560791,8.92303085327148,9.07879066467285,9.23173999786377
SN,Senegal,Millions of people,West Africa,Population,AfDB Data portal,Urban population (millions of people),Social and Economic,/aep/country/senegal,3.98528409004211,4.10077285766602,4.22185707092285,4.36424779891968,4.52547979354858,4.69336986541748,4.86815214157104,5.05037212371826,5.24123287200928,5.441978931427,5.65381193161011,5.87734079360962,6.11224317550659,6.35683393478394,6.60915613174438,6.86871004104614,7.13503694534302,7.40856313705444,7.68964099884033,7.9789719581604,8.27712345123291,8.58419513702393,8.90012359619141
SO,Somalia,Current US$,East Africa,National Account,AfDB Data portal,GDP (current US$),Social and Economic,/aep/country/somalia,2052000000.0,1303000064.0,1219000064.0,1516999936.0,1984000000.0,2316000000.0,2390000128.0,2483000064.0,2600000000.0,1247000064.0,1092999936.0,3499000064.0,3611000064.0,4574000128.0,5022000128.0,5330999808.0,5529999872.0,5608999936.0,5849999872.0,6477000192.0,6965000192.0,7390000128.0,8490999808.0
SO,Somalia,Millions of people,East Africa,Population,AfDB Data portal,Rural population (millions of people),Social and Economic,/aep/country/somalia,6.01542282104492,6.1675009727478,6.31330680847168,6.41767692565918,6.52186393737793,6.62997484207153,6.74184894561768,7.2408390045166,7.27509307861328,7.30052280426025,7.31511688232422,7.31878805160522,7.45937585830688,7.60138416290283,7.74588918685913,7.89353513717651,8.04440879821777,8.19811916351318,8.35451030731201,8.51328945159912,8.6741361618042,8.83692359924316,9.00137138366699
SO,Somalia,Millions of people,East Africa,Population,AfDB Data portal,Urban population (millions of people),Social and Economic,/aep/country/somalia,2.9960560798645,3.12332201004028,3.25085997581482,3.41872000694275,3.59436392784119,3.77994990348816,3.97646808624268,3.7977569103241,4.09418296813965,4.40746688842773,4.73810577392578,5.08593702316284,5.3043999671936,5.53096485137939,5.76723623275757,6.01459407806396,6.27358722686768,6.54440402984619,6.82741498947144,7.12288188934326,7.43103790283203,7.75227212905884,8.08684253692627
SS,South Sudan,Current US$,East Africa,National Account,AfDB Data portal,GDP (current US$),Social and Economic,/aep/country/south-sudan,,,,,,,,,,,,17186000896.0,11266810880.0,14947000320.0,15383000064.0,14801000448.0,3500999936.0,3495000064.0,4658999808.0,5319000064.0,6710000128.0,5167000064.0,5729999872.0
SS,South Sudan,Millions of people,East Africa,Population,AfDB Data portal,Rural population (millions of people),Social and Economic,/aep/country/south-sudan,5.59480619430542,5.81445407867432,6.02421188354492,6.23450422286987,6.46199178695679,6.71786499023438,7.00428295135498,7.3139328956604,7.637038230896,7.95887804031372,8.26920127868652,8.56474685668945,8.8475399017334,9.11918544769287,9.3831615447998,9.64211559295654,9.89567375183105,10.1428270339966,10.38498878479,10.623927116394,10.8609457015991,11.0965280532837,11.3304281234741
SS,South Sudan,Millions of people,East Africa,Population,AfDB Data portal,Urban population (millions of people),Social and Economic,/aep/country/south-sudan,1.10584998130798,1.15998804569244,1.21306395530701,1.26713800430298,1.32566297054291,1.39101195335388,1.46386897563934,1.54286694526672,1.62609803676605,1.71178901195526,1.79799103736877,1.88410997390747,1.97071802616119,2.05830502510071,2.14780902862549,2.24002003669739,2.33505606651306,2.43288707733154,2.53406405448914,2.63925695419312,2.7490611076355,2.86389994621277,2.98403000831604
ST,Sao Tome and Principe,Current US$,Central Africa,National Account,AfDB Data portal,GDP (current US$),Social and Economic,/aep/country/sao-tome-and-principe,54758820.0,67646752.0,89830840.0,95713392.0,99525152.0,124301896.0,136097312.0,145827424.0,188021168.0,187821024.0,197454064.0,233213520.0,252560576.0,302885312.0,348920864.0,318257376.0,347547456.0,379400704.0,415642912.0,430670304.0,477349280.0,636415040.0,727807616.0
ST,Sao Tome and Principe,Millions of people,Central Africa,Population,AfDB Data portal,Rural population (millions of people),Social and Economic,/aep/country/sao-tome-and-principe,0.0645570009946823,0.0646129995584488,0.0643969997763634,0.0641459971666336,0.0638699978590012,0.0635519996285439,0.0631759986281395,0.0627610012888908,0.0622910000383854,0.061794999986887,0.0612559989094734,0.0606780014932156,0.0600610002875328,0.0594649985432625,0.0588850006461143,0.0583250001072884,0.0577899999916554,0.0572759993374348,0.0567919984459877,0.0563360005617142,0.0559099987149239,0.0555169992148876,0.0551550015807152
ST,Sao Tome and Principe,Millions of people,Central Africa,Population,AfDB Data portal,Urban population (millions of people),Social and Economic,/aep/country/sao-tome-and-principe,0.0740490034222603,0.0770089998841286,0.0804919973015785,0.0842259973287582,0.0880990028381348,0.0920780003070831,0.0961520001292229,0.100340001285076,0.10462199896574,0.109017997980118,0.113519996404648,0.11812199652195,0.122827999293804,0.127580001950264,0.13238100707531,0.1372279971838,0.142120003700256,0.147051006555557,0.152025997638702,0.157042995095253,0.162101000547409,0.167200997471809,0.172334000468254
SZ,Eswatini,Current US$,Southern Africa,National Account,AfDB Data portal,GDP (current US$),Social and Economic,/aep/country/eswatini,1738093696.0,1600573824.0,1472889344.0,2266075392.0,2855027456.0,3245993216.0,3349326080.0,3530592512.0,3352401152.0,3631853312.0,4498574848.0,4784653312.0,4734396416.0,4599904768.0,4425653760.0,4060720640.0,3815129600.0,4406908416.0,4665689088.0,4471136256.0,3980899072.0,4899814400.0,5265683456.0
SZ,Eswatini,Millions of people,Southern Africa,Population,AfDB Data portal,Rural population (millions of people),Social and Economic,/aep/country/eswatini,0.820662975311279,0.830923020839691,0.838527977466583,0.844950020313263,0.852319002151489,0.86216002702713,0.875009000301361,0.889921009540558,0.903416991233826,0.917837023735046,0.932443022727966,0.947124004364014,0.962963998317719,0.979039013385773,0.995294988155365,1.01168096065521,1.02802300453186,1.04423797130585,1.06024599075317,1.07597994804382,1.09140002727509,1.1064430475235,1.1210949420929
SZ,Eswatini,Millions of people,Southern Africa,Population,AfDB Data portal,Urban population (millions of people),Social and Economic,/aep/country/eswatini,0.240805000066757,0.242004007101059,0.242402002215385,0.24244199693203,0.242734000086784,0.24371300637722,0.245505005121231,0.248512998223305,0.255479991436005,0.262838006019592,0.270399987697601,0.278133988380432,0.285194009542465,0.292416989803314,0.299802005290985,0.307330012321472,0.315075010061264,0.323015987873077,0.331138998270035,0.339433997869492,0.347894996404648,0.356510996818542,0.365285009145737
TD,Chad,Current US$,Central Africa,National Account,AfDB Data portal,GDP (current US$),Social and Economic,/aep/country/chad,1385797888.0,1710063104.0,1987561600.0,2721569536.0,3279046400.0,6680615936.0,7453135872.0,8397412864.0,10371311616.0,9424520192.0,10969618432.0,12976138240.0,12069161984.0,12062077952.0,12858214400.0,9751887872.0,9624704000.0,9341090816.0,9960754176.0,9610365952.0,8727892992.0,9631854592.0,10203994112.0
TD,Chad,Millions of people,Central Africa,Population,AfDB Data portal,Rural population (millions of people),Social and Economic,/aep/country/chad,6.53750705718994,6.78577995300293,7.04810476303101,7.32024812698364,7.59632205963135,7.87226295471191,8.1461009979248,8.41932773590088,8.69546794891357,8.97978591918945,9.27380180358887,9.5784797668457,9.89199829101563,10.2116861343384,10.5336961746216,10.8551969528198,11.1751413345337,11.4941205978394,11.8129053115845,12.1328573226929,12.4548330307007,12.778639793396,13.1033372879028
TD,Chad,Millions of people,Central Africa,Population,AfDB Data portal,Urban population (millions of people),Social and Economic,/aep/country/chad,1.80505204200745,1.87723195552826,1.95358395576477,2.03295302391052,2.11372089385986,2.19474601745605,2.27549600601196,2.35637998580933,2.43839311599731,2.52300000190735,2.61339998245239,2.71017098426819,2.81313705444336,2.92190289497375,3.03574204444885,3.15421605110168,3.2774019241333,3.40587306022644,3.54027891159058,3.68148803710938,3.83026003837585,3.98707389831543,4.15220880508423
TG,Togo,Current US$,West Africa,National Account,AfDB Data portal,GDP (current US$),Social and Economic,/aep/country/togo,1488186496.0,1481141888.0,1698678656.0,2111093120.0,2255942144.0,2280575744.0,2349495552.0,2659095296.0,3310278144.0,3365711872.0,3426118912.0,3867391488.0,3576581888.0,4321710080.0,6151812608.0,5620670976.0,6029969408.0,6393208320.0,7115431936.0,7220703232.0,7451899904.0,6479888384.0,7004837888.0
TG,Togo,Millions of people,West Africa,Population,AfDB Data portal,Rural population (millions of people),Social and Economic,/aep/country/togo,3.33477807044983,3.40669107437134,3.4760160446167,3.54406309127808,3.61277198791504,3.68362188339233,3.75666904449463,3.8313570022583,3.90740704536438,3.98451399803162,4.06220293045044,4.13902616500854,4.21543502807617,4.29190111160278,4.36775922775269,4.44266414642334,4.51605892181396,4.58803415298462,4.65857791900635,4.72781896591187,4.79582691192627,4.86253023147583,4.92783880233765
TG,Togo,Millions of people,West Africa,Population,AfDB Data portal,Urban population (millions of people),Social and Economic,/aep/country/togo,1.63558900356293,1.70507895946503,1.77545595169067,1.8473379611969,1.92182600498199,1.99964594841003,2.0811231136322,2.16602802276611,2.25438904762268,2.34595799446106,2.44074892997742,2.54025602340698,2.64404702186584,2.75104689598084,2.86115598678589,2.97413802146912,3.09031510353088,3.20966005325317,3.33234810829163,3.45856499671936,3.58846402168274,3.72209692001343,3.85949492454529
TN,Tunisia,Current US$,North Africa,National Account,AfDB Data portal,GDP (current US$),Social and Economic,/aep/country/tunisia,21473486848.0,22065909760.0,23141752832.0,27453972480.0,31183974400.0,32272179200.0,34376663040.0,38909882368.0,44855070720.0,43455758336.0,44051132416.0,45811167232.0,45044375552.0,48775225344.0,50273316864.0,45778903040.0,44360085504.0,42167316480.0,42570805248.0,41803870208.0,41622323200.0,43500077056.0,43626180608.0
TN,Tunisia,Millions of people,North Africa,Population,AfDB Data portal,Rural population (millions of people),Social and Economic,/aep/country/tunisia,3.54681205749512,3.54068994522095,3.5312020778656,3.52013206481934,3.51113200187683,3.51188898086548,3.51525497436523,3.52103805541992,3.52879095077515,3.53789091110229,3.54762697219849,3.5579628944397,3.56890606880188,3.58024191856384,3.59143090248108,3.60127806663513,3.60959100723267,3.61619710922241,3.6207480430603,3.62288308143616,3.62233710289001,3.61897897720337,3.61279392242432
TN,Tunisia,Millions of people,North Africa,Population,AfDB Data portal,Urban population (millions of people),Social and Economic,/aep/country/tunisia,6.15238523483276,6.24501085281372,6.3331241607666,6.41954612731934,6.50646877288818,6.59059286117554,6.68088102340698,6.77704906463623,6.87854480743408,6.98394298553467,7.09230422973633,7.20350408554077,7.31776189804077,7.43431615829468,7.55247688293457,7.67238283157349,7.79365682601929,7.91592979431152,8.03842639923096,8.16028499603271,8.28079891204834,8.39953517913818,8.51628684997559
TZ,Tanzania,Current US$,East Africa,National Account,AfDB Data portal,GDP (current US$),Social and Economic,/aep/country/tanzania,10174344192.0,10383560704.0,10805601280.0,11659128832.0,12825802752.0,16929977344.0,18610460672.0,21501743104.0,27388319744.0,28574171136.0,31409598464.0,33877905408.0,39650557952.0,45680533504.0,49964789760.0,47378599936.0,49774022656.0,53226717184.0,56711626752.0,60700946432.0,64402767872.0,79368724480.0,82305957888.0
TZ,Tanzania,Millions of people,East Africa,Population,AfDB Data portal,Rural population (millions of people),Social and Economic,/aep/country/tanzania,26.553316116333,27.1545810699463,27.7856216430664,28.3777980804443,28.9845066070557,29.6190185546875,30.2820301055908,30.972692489624,31.6841011047363,32.4086799621582,33.1386222839355,33.8714942932129,34.6069793701172,35.3465118408203,36.0920906066895,36.8447456359863,37.6037635803223,38.3671913146973,39.1328468322754,39.8981666564941,40.6612663269043,41.4211158752441,42.1777648925781
TZ,Tanzania,Millions of people,East Africa,Population,AfDB Data portal,Urban population (millions of people),Social and Economic,/aep/country/tanzania,7.62472486495972,7.96243715286255,8.32018566131592,8.77127265930176,9.26547813415527,9.79152679443359,10.3529167175293,10.9510221481323,11.5860424041748,12.2555522918701,12.9599685668945,13.6994075775146,14.4760189056396,15.2900838851929,16.1427764892578,17.035213470459,17.9684352874756,18.9428272247314,19.9585456848145,21.0153903961182,22.113353729248,23.2527408599854,24.434383392334
UG,Uganda,Current US$,East Africa,National Account,AfDB Data portal,GDP (current US$),Social and Economic,/aep/country/uganda,6110282752.0,6348108288.0,6676040192.0,7058729472.0,8436148736.0,10041335808.0,11010390016.0,13548079104.0,18201245696.0,19057174528.0,19683139584.0,21482086400.0,30832656384.0,23468314624.0,37156564992.0,27441657856.0,29554198528.0,31386738688.0,34184433664.0,38001205248.0,38141534208.0,35574407168.0,38749716480.0
UG,Uganda,Millions of people,East Africa,Population,AfDB Data portal,Rural population (millions of people),Social and Economic,/aep/country/uganda,20.4849033355713,21.0767269134521,21.6992893218994,22.3485565185547,23.0178470611572,23.7027645111084,24.401496887207,25.1150054931641,25.8426704406738,26.5851173400879,27.3413600921631,28.1107521057129,28.8915996551514,29.6830997467041,30.4826641082764,31.2890396118164,32.1016578674316,32.9206466674805,33.7454795837402,34.5762176513672,35.4126892089844,36.2541427612305,37.0996360778809
UG,Uganda,Millions of people,East Africa,Population,AfDB Data portal,Urban population (millions of people),Social and Economic,/aep/country/uganda,3.55437111854553,3.77816605567932,4.01875782012939,4.27626323699951,4.55058908462524,4.84117603302002,5.14916610717773,5.4754810333252,5.8212251663208,6.18677806854248,6.57377195358276,6.98289489746094,7.41519594192505,7.8706259727478,8.35067272186279,8.85583114624023,9.38630867004395,9.94231224060059,10.5250825881958,11.1356554031372,11.7750120162964,12.4439449310303,13.1431655883789
ZA,South Africa,Current US$,Southern Africa,National Account,AfDB Data portal,GDP (current US$),Social and Economic,/aep/country/south-africa,133059510272.0,118652510208.0,115481796608.0,175255732224.0,228590436352.0,257771618304.0,271636660224.0,299416846336.0,286769053696.0,295937376256.0,375348330496.0,416417021952.0,396329385984.0,400684384256.0,380908896256.0,346663124992.0,323493134336.0,381317054464.0,404673429504.0,387849125888.0,335343976448.0,388747493376.0,397184565248.0
ZA,South Africa,Millions of people,Southern Africa,Population,AfDB Data portal,Rural population (millions of people),Social and Economic,/aep/country/south-africa,19.7131786346436,19.774866104126,19.7991008758545,19.8000221252441,19.7849655151367,19.7548656463623,19.7076644897461,19.647367477417,19.5832748413086,19.5285892486572,19.4898529052734,19.4703350067139,19.4653778076172,19.4674892425537,19.4639091491699,19.4468765258789,19.4144916534424,19.3690013885498,19.3116512298584,19.2448577880859,19.1703395843506,19.0881614685059,18.9976348876953
ZA,South Africa,Millions of people,Southern Africa,Population,AfDB Data portal,Urban population (millions of people),Social and Economic,/aep/country/south-africa,26.01513671875,26.6101398468018,27.227071762085,27.8487033843994,28.4624290466309,29.0657196044922,29.6569175720215,30.2398128509521,30.8288536071777,31.4422283172607,32.0948104858398,32.7931823730469,33.5328369140625,34.2999076843262,35.0756607055664,35.8443489074707,36.6009826660156,37.3481521606445,38.0867691040039,38.820240020752,39.5508880615234,40.2778129577637,40.9984130859375
ZM,Zambia,Current US$,Southern Africa,National Account,AfDB Data portal,GDP (current US$),Social and Economic,/aep/country/zambia,3600630272.0,4094451968.0,4193839104.0,4901874176.0,6221108224.0,8331863552.0,12756946944.0,14056885248.0,17911046144.0,15328314368.0,20265404416.0,23459690496.0,25503291392.0,28042485760.0,27144626176.0,21245151232.0,20965130240.0,25873580032.0,26311505920.0,23311769600.0,19320115200.0,26416992256.0,29457059840.0
ZM,Zambia,Millions of people,Southern Africa,Population,AfDB Data portal,Rural population (millions of people),Social and Economic,/aep/country/zambia,6.86609315872192,7.03543519973755,7.17541885375977,7.31566286087036,7.45783805847168,7.60359716415405,7.7526798248291,7.90521717071533,8.06264972686768,8.22706699371338,8.39936637878418,8.58016395568848,8.76786804199219,8.9608907699585,9.15666389465332,9.35335063934326,9.55030822753906,9.74770927429199,9.94550132751465,10.1438827514648,10.3428916931152,10.5421886444092,10.7413282394409
ZM,Zambia,Millions of people,Southern Africa,Population,AfDB Data portal,Urban population (millions of people),Social and Economic,/aep/country/zambia,3.66512799263,3.78869009017944,3.94498991966248,4.10632085800171,4.27390813827515,4.44855880737305,4.63076591491699,4.82075691223145,5.01986694335938,5.22935009002686,5.45066690444946,5.68459177017212,5.93206882476807,6.1923189163208,6.46431016921997,6.7472357749939,7.04108190536499,7.3464207649231,7.66367721557617,7.99348592758179,8.33638095855713,8.69260215759277,9.06229114532471
ZW,Zimbabwe,Current US$,Southern Africa,National Account,AfDB Data portal,GDP (current US$),Social and Economic,/aep/country/zimbabwe,9815600128.0,9732462592.0,9291761664.0,8286792704.0,8192732160.0,7829781504.0,7047076864.0,6738234880.0,5805443072.0,9665999872.0,12042000384.0,14101999616.0,17114850304.0,19090999296.0,19495999488.0,19963000832.0,20548999168.0,22045999104.0,23651000320.0,22599999488.0,21670000640.0,21901393920.0,23440736256.0
ZW,Zimbabwe,Millions of people,Southern Africa,Population,AfDB Data portal,Rural population (millions of people),Social and Economic,/aep/country/zimbabwe,8.09626197814941,8.14062976837158,8.17718887329102,8.27783393859863,8.39556884765625,8.52616596221924,8.67168045043945,8.83198928833008,9.0082483291626,9.20090866088867,9.41021060943604,9.63693237304688,9.88072109222412,10.1386671066284,10.4022741317749,10.6679658889771,10.9344682693481,11.2011375427246,11.465747833252,11.7259702682495,11.9800052642822,12.2263402938843,12.4645967483521
ZW,Zimbabwe,Millions of people,Southern Africa,Population,AfDB Data portal,Urban population (millions of people),Social and Economic,/aep/country/zimbabwe,4.12598896026611,4.22553491592407,4.32333612442017,4.35606288909912,4.38194179534912,4.41386604309082,4.45258712768555,4.49792003631592,4.55022096633911,4.60969018936157,4.67610597610474,4.74971723556519,4.83010482788086,4.91583919525146,5.00940084457397,5.10948514938354,5.21589422225952,5.32876586914063,5.44751310348511,5.57152509689331,5.7004599571228,5.83411312103271,5.97282600402832
